name,color,src,tgt
U1,red,LO,LN
U1,red,LN,AL
U1,red,AL,AT
U1,red,AT,TO
U1,red,TO,RP
U1,red,RP,KE
U1,red,KE,SL
U1,red,SL,TA
U1,red,TA,KP
U1,red,KP,SZ
U1,red,SZ,SP
U1,red,SP,NP
U1,red,NP,PR
U1,red,PR,VS
U1,red,VS,DI
U1,red,DI,KM
U1,red,KM,AD
U1,red,AD,ZK
U1,red,ZK,KT
U1,red,KT,RB
U1,red,RB,AK
U1,red,AK,GF
U1,red,GF,LU
U2,violet,EE,AN
U2,violet,AN,HU
U2,violet,HU,AZ
U2,violet,AZ,AP
U2,violet,AP,DP
U2,violet,DP,AR
U2,violet,AR,SD
U2,violet,SD,DT
U2,violet,DT,DM
U2,violet,DM,SW
U2,violet,SW,KI
U2,violet,KI,MS
U2,violet,MS,PR
U2,violet,PR,TB
U2,violet,TB,SR
U2,violet,SR,SO
U2,violet,SO,RH
U2,violet,RH,VT
U2,violet,VT,BA
U2,violet,BA,KP
U3,red,OK,KR
U3,red,KR,HH
U3,red,HH,JO
U3,red,JO,SH
U3,red,SH,WS
U3,red,WS,GZ
U3,red,GZ,MA
U3,red,MA,VT
U3,red,VT,HZ
U3,red,HZ,SZ
U3,red,SZ,SE
U3,red,SE,LA
U3,red,LA,RG
U3,red,RG,KN
U3,red,KN,SG
U3,red,SG,ED
U3,red,ED,AW
U3,red,AW,PP
U3,red,PP,EK
U3,red,EK,SA
U4,red,HF,OV
U4,red,OV,UV
U4,red,UV,BR
U4,red,BR,HI
U4,red,HI,SB
U4,red,SB,MH
U4,red,MH,LE
U4,red,LE,MG
U4,red,MG,PG
U4,red,PG,KG
U4,red,KG,KP
U4,red,KP,ST
U4,red,ST,LA
U4,red,LA,SP
U4,red,SP,SR
U4,red,SR,RL
U4,red,RL,FB
U4,red,FB,AU
U4,red,AU,HS
U6,red,HT,PF
U6,red,PF,ES
U6,red,ES,AE
U6,red,AE,PW
U6,red,PW,TE
U6,red,TE,PH
U6,red,PH,NH
U6,red,NH,LE6
U6,red,LE6,GU
U6,red,GU,WS6
U6,red,WS6,BU
U6,red,BU,TS
U6,red,TS,JS
U6,red,JS,AS
U6,red,AS,MB
U6,red,MB,WA
U6,red,WA,NS
U6,red,NS,AU6
U6,red,AU6,JG
U6,red,JG,DS
U6,red,DS,HK
U6,red,HK,ND
U6,red,ND,FL
